timestamp,pod,metric,value,label,fault_service,sr_score,pred,label_rule
1781348660,cartservice-77f8cfdff-vz9jj,cpu_usage,0.000420733492243,normal,none,14.56737599836324,1,normal
1781348675,cartservice-77f8cfdff-vz9jj,cpu_usage,0.0013240880777212,normal,none,1.5619587432228648,0,normal
1781348690,cartservice-77f8cfdff-vz9jj,cpu_usage,0.0010390034332027,normal,none,0.1308431766372711,0,normal
1781348705,cartservice-77f8cfdff-vz9jj,cpu_usage,0.001045320652279,normal,none,0.008535594938355807,0,normal
1781348720,cartservice-77f8cfdff-vz9jj,cpu_usage,0.0003428598026447,normal,none,0.6230668833551554,0,normal
1781348735,cartservice-77f8cfdff-vz9jj,cpu_usage,0.0003845323055426,normal,none,1.8228673821862265,0,normal
1781348750,cartservice-77f8cfdff-vz9jj,cpu_usage,0.000343813605995,normal,none,0.0,0,normal
1781348765,cartservice-77f8cfdff-vz9jj,cpu_usage,0.0003867375292198,normal,none,0.0,0,normal
1781348780,cartservice-77f8cfdff-vz9jj,cpu_usage,0.0003973438775945,normal,none,0.0,0,normal
1781348795,cartservice-77f8cfdff-vz9jj,cpu_usage,0.0003905517563264,normal,none,0.0,0,normal
1781348810,cartservice-77f8cfdff-vz9jj,cpu_usage,0.0003792498916596,normal,none,0.0,0,normal
1781348825,cartservice-77f8cfdff-vz9jj,cpu_usage,0.0003682278880977,normal,none,0.0,0,normal
1781348840,cartservice-77f8cfdff-vz9jj,cpu_usage,0.000422086889588,normal,none,0.0,0,normal
1781348855,cartservice-77f8cfdff-vz9jj,cpu_usage,0.000378772473651,normal,none,0.0,0,normal
1781348870,cartservice-77f8cfdff-vz9jj,cpu_usage,0.0003378919053324,normal,none,0.0,0,normal
1781348885,cartservice-77f8cfdff-vz9jj,cpu_usage,0.0003484975163534,normal,none,0.0,0,normal
1781348900,cartservice-77f8cfdff-vz9jj,cpu_usage,0.0003664921465977,normal,none,0.0,0,normal
1781348915,cartservice-77f8cfdff-vz9jj,cpu_usage,0.0004043663155806,normal,none,0.0,0,normal
1781348930,cartservice-77f8cfdff-vz9jj,cpu_usage,0.0004479714889557,normal,none,0.0,0,normal
1781348945,cartservice-77f8cfdff-vz9jj,cpu_usage,0.0004147199630846,normal,none,0.0,0,normal
1781348960,cartservice-77f8cfdff-vz9jj,cpu_usage,0.0004513391524919,normal,none,0.0,0,normal
1781348975,cartservice-77f8cfdff-vz9jj,cpu_usage,0.0003578878070747,normal,none,1.23759953849124,0,normal
1781348990,cartservice-77f8cfdff-vz9jj,cpu_usage,0.0003959901433689,normal,none,1.1372117259005892,0,normal
1781349005,cartservice-77f8cfdff-vz9jj,cpu_usage,0.0003333931133421,normal,none,0.0,0,normal
1781349020,cartservice-77f8cfdff-vz9jj,cpu_usage,0.0004027007418858,normal,none,1.3448700144111965,0,normal
1781349035,cartservice-77f8cfdff-vz9jj,cpu_usage,0.0003460256469608,normal,none,0.0,0,normal
1781349050,cartservice-77f8cfdff-vz9jj,cpu_usage,0.000396519335824,normal,none,1.60826819397629,0,normal
1781349065,cartservice-77f8cfdff-vz9jj,cpu_usage,0.0003533891213385,normal,none,0.0,0,normal
1781349080,cartservice-77f8cfdff-vz9jj,cpu_usage,0.0003972254480396,normal,none,1.4208937099345544,0,normal
1781349095,cartservice-77f8cfdff-vz9jj,cpu_usage,0.000369927843184,normal,none,1.0321829719490476,0,normal
1781349110,cartservice-77f8cfdff-vz9jj,cpu_usage,0.0004341547459822,normal,none,2.0689328133338543,1,normal
1781349125,cartservice-77f8cfdff-vz9jj,cpu_usage,0.00028705,normal,none,0.0,0,normal
1781349140,cartservice-77f8cfdff-vz9jj,cpu_usage,0.0004394948226418,normal,none,0.0,0,normal
1781349155,cartservice-77f8cfdff-vz9jj,cpu_usage,0.0003529244809292,normal,none,1.0057593976649186,0,normal
1781349170,cartservice-77f8cfdff-vz9jj,cpu_usage,0.0003734234896383,normal,none,1.0335555235693112,0,normal
1781349185,cartservice-77f8cfdff-vz9jj,cpu_usage,0.000397463396438,normal,none,0.0,0,normal
1781349200,cartservice-77f8cfdff-vz9jj,cpu_usage,0.0004267232666266,normal,none,0.0,0,normal
1781349215,cartservice-77f8cfdff-vz9jj,cpu_usage,0.0004175913227769,normal,none,0.0,0,normal
1781349230,cartservice-77f8cfdff-vz9jj,cpu_usage,0.0003670509664369,normal,none,0.0,0,normal
1781349245,cartservice-77f8cfdff-vz9jj,cpu_usage,0.0003861165752139,normal,none,0.0,0,normal
1781349260,cartservice-77f8cfdff-vz9jj,cpu_usage,0.0004057790782734,normal,none,0.0,0,normal
1781349275,cartservice-77f8cfdff-vz9jj,cpu_usage,0.0004422997139542,normal,none,0.0,0,normal
1781349290,cartservice-77f8cfdff-vz9jj,cpu_usage,0.000706993970715,normal,none,0.0,0,normal
1781349305,cartservice-77f8cfdff-vz9jj,cpu_usage,0.0006716914858587,normal,none,0.0,0,normal
1781349320,cartservice-77f8cfdff-vz9jj,cpu_usage,0.000671994638179,normal,none,0.0,0,normal
1781349335,cartservice-77f8cfdff-vz9jj,cpu_usage,0.0003762844665186,normal,none,0.0,0,normal
1781349350,cartservice-77f8cfdff-vz9jj,cpu_usage,0.0003133555555551,normal,none,0.0,0,normal
1781349365,cartservice-77f8cfdff-vz9jj,cpu_usage,0.0003971742955438,normal,none,0.06824294783743635,0,normal
1781349380,cartservice-77f8cfdff-vz9jj,cpu_usage,0.0003513844872659,normal,none,0.0,0,normal
1781349395,cartservice-77f8cfdff-vz9jj,cpu_usage,0.0003005671848867,normal,none,0.0,0,normal
1781349410,cartservice-77f8cfdff-vz9jj,cpu_usage,0.0003720805728436,normal,none,0.0,0,normal
1781349425,cartservice-77f8cfdff-vz9jj,cpu_usage,0.0003500419796226,normal,none,1.6353667081243575,0,normal
1781349440,cartservice-77f8cfdff-vz9jj,cpu_usage,0.000468266527656,normal,none,1.5107180803446574,0,normal
1781349455,cartservice-77f8cfdff-vz9jj,cpu_usage,0.0004095476012466,normal,none,0.830726694528781,0,normal
1781349470,cartservice-77f8cfdff-vz9jj,cpu_usage,0.0003658111186341,normal,none,0.37357985848472886,0,normal
1781349485,cartservice-77f8cfdff-vz9jj,cpu_usage,0.0003145645645648,normal,none,1.312354470355925,0,normal
1781349500,cartservice-77f8cfdff-vz9jj,cpu_usage,0.0003870727444631,normal,none,0.0,0,normal
1781349515,cartservice-77f8cfdff-vz9jj,cpu_usage,0.0003689136917944,normal,none,0.0,0,normal
1781349530,cartservice-77f8cfdff-vz9jj,cpu_usage,0.0003934859504795,normal,none,0.0,0,normal
1781349545,cartservice-77f8cfdff-vz9jj,cpu_usage,0.0003771929824569,normal,none,0.0,0,normal
1781349560,cartservice-77f8cfdff-vz9jj,cpu_usage,0.0004089443232476,normal,none,1.5059895572319977,0,normal
1781349575,cartservice-77f8cfdff-vz9jj,cpu_usage,0.0003622594967928,normal,none,0.0,0,normal
1781349590,cartservice-77f8cfdff-vz9jj,cpu_usage,0.00040002079002,normal,none,0.0,0,normal
1781349605,cartservice-77f8cfdff-vz9jj,cpu_usage,0.0003892697344111,normal,none,0.21332708780951667,0,normal
1781349620,cartservice-77f8cfdff-vz9jj,cpu_usage,0.0003655941025092,normal,none,0.5425073326299371,0,normal
1781349635,cartservice-77f8cfdff-vz9jj,cpu_usage,0.0003829600820583,normal,none,0.0,0,normal
1781349650,cartservice-77f8cfdff-vz9jj,cpu_usage,0.0003261150875497,normal,none,0.0,0,normal
1781349665,cartservice-77f8cfdff-vz9jj,cpu_usage,0.0004033598467124,normal,none,0.0,0,normal
1781349680,cartservice-77f8cfdff-vz9jj,cpu_usage,0.000332638295211,normal,none,0.47494709604799706,0,normal
1781349695,cartservice-77f8cfdff-vz9jj,cpu_usage,0.0003832892672126,normal,none,0.0,0,normal
1781349710,cartservice-77f8cfdff-vz9jj,cpu_usage,0.0003828219376666,normal,none,0.0,0,normal
1781349725,cartservice-77f8cfdff-vz9jj,cpu_usage,0.0003954172308732,normal,none,0.0,0,normal
1781349740,cartservice-77f8cfdff-vz9jj,cpu_usage,0.0003879253249435,normal,none,0.0,0,normal
1781349755,cartservice-77f8cfdff-vz9jj,cpu_usage,0.0003413329161442,normal,none,0.0,0,normal
1781349770,cartservice-77f8cfdff-vz9jj,cpu_usage,0.0003661666117156,normal,none,0.0,0,normal
1781349785,cartservice-77f8cfdff-vz9jj,cpu_usage,0.0003839210304052,normal,none,0.0,0,normal
1781349800,cartservice-77f8cfdff-vz9jj,cpu_usage,0.0003909969548526,normal,none,0.0,0,normal
1781349815,cartservice-77f8cfdff-vz9jj,cpu_usage,0.0003758640726119,normal,none,0.26793464589261057,0,normal
1781349830,cartservice-77f8cfdff-vz9jj,cpu_usage,0.0003897274583918,normal,none,0.0,0,normal
1781349845,cartservice-77f8cfdff-vz9jj,cpu_usage,0.0005174999484983,normal,none,0.0,0,normal
1781349860,cartservice-77f8cfdff-vz9jj,cpu_usage,0.0005255244382919,normal,none,0.21136120217196758,0,normal
1781349875,cartservice-77f8cfdff-vz9jj,cpu_usage,0.0005329656106245,normal,none,0.0,0,normal
1781349890,cartservice-77f8cfdff-vz9jj,cpu_usage,0.0005299608603787,normal,none,0.0,0,normal
1781349905,cartservice-77f8cfdff-vz9jj,cpu_usage,0.0004664256198352,normal,none,1.3813224426086463,0,normal
1781349920,cartservice-77f8cfdff-vz9jj,cpu_usage,0.0008010840849057,normal,none,1.5174112838379004,0,normal
1781349935,cartservice-77f8cfdff-vz9jj,cpu_usage,0.0008444740803652,normal,none,1.5322658280668509,0,normal
1781349950,cartservice-77f8cfdff-vz9jj,cpu_usage,0.000899491711578,normal,none,3.6853601066426185,1,normal
1781349965,cartservice-77f8cfdff-vz9jj,cpu_usage,0.0004925630959055,normal,none,0.31933357011597197,0,normal
1781349980,cartservice-77f8cfdff-vz9jj,cpu_usage,0.0003576158940398,normal,none,0.992630340953615,0,normal
1781349995,cartservice-77f8cfdff-vz9jj,cpu_usage,0.0004109583566456,normal,none,0.0,0,normal
1781350010,cartservice-77f8cfdff-vz9jj,cpu_usage,0.0004079800146121,normal,none,0.0,0,normal
1781350025,cartservice-77f8cfdff-vz9jj,cpu_usage,0.0004409920959382,normal,none,0.0,0,normal
1781350040,cartservice-77f8cfdff-vz9jj,cpu_usage,0.0004742721380491,normal,none,0.0,0,normal
1781350055,cartservice-77f8cfdff-vz9jj,cpu_usage,0.0004390515076577,normal,none,0.0,0,normal
1781350070,cartservice-77f8cfdff-vz9jj,cpu_usage,0.0004320415986637,normal,none,0.0,0,normal
1781350085,cartservice-77f8cfdff-vz9jj,cpu_usage,0.0004057059655194,normal,none,0.0,0,normal
1781350100,cartservice-77f8cfdff-vz9jj,cpu_usage,0.0004223087384345,normal,none,0.0,0,normal
1781350115,cartservice-77f8cfdff-vz9jj,cpu_usage,0.0004048650449856,normal,none,0.0,0,normal
1781350130,cartservice-77f8cfdff-vz9jj,cpu_usage,0.0003699763840422,normal,none,0.0,0,normal
1781350145,cartservice-77f8cfdff-vz9jj,cpu_usage,0.0003787256218553,normal,none,0.0,0,normal
1781350160,cartservice-77f8cfdff-vz9jj,cpu_usage,0.0004490179530461,normal,none,0.0,0,normal
1781350175,cartservice-77f8cfdff-vz9jj,cpu_usage,0.0003996170898822,normal,none,0.0,0,normal
1781350190,cartservice-77f8cfdff-vz9jj,cpu_usage,0.0004357824985385,normal,none,0.530178467221205,0,normal
1781350205,cartservice-77f8cfdff-vz9jj,cpu_usage,0.000364796191864,normal,none,0.0,0,normal
1781350220,cartservice-77f8cfdff-vz9jj,cpu_usage,0.0004666036909897,normal,none,0.0,0,normal
1781350235,cartservice-77f8cfdff-vz9jj,cpu_usage,0.0003624519488582,normal,none,1.4895946423577335,0,normal
1781350250,cartservice-77f8cfdff-vz9jj,cpu_usage,0.00102134700814,normal,none,3.9679454460786125,1,normal
1781350265,cartservice-77f8cfdff-vz9jj,cpu_usage,0.0008831445921549,normal,none,2.5164140739012786,1,normal
1781350280,cartservice-77f8cfdff-vz9jj,cpu_usage,0.0004075553122281,normal,none,1.3367489515529187,0,normal
1781350295,cartservice-77f8cfdff-vz9jj,cpu_usage,0.0003841452044003,normal,none,0.7464842222502313,0,normal
1781350310,cartservice-77f8cfdff-vz9jj,cpu_usage,0.000495478478502,normal,none,0.0,0,normal
1781350325,cartservice-77f8cfdff-vz9jj,cpu_usage,0.0004154313699768,normal,none,0.0,0,normal
1781350340,cartservice-77f8cfdff-vz9jj,cpu_usage,0.0004347347282512,normal,none,0.0,0,normal
1781350355,cartservice-77f8cfdff-vz9jj,cpu_usage,0.0003843115460193,normal,none,0.0,0,normal
1781350370,cartservice-77f8cfdff-vz9jj,cpu_usage,0.0003783179768671,normal,none,0.0,0,normal
1781350385,cartservice-77f8cfdff-vz9jj,cpu_usage,0.0003729421448727,normal,none,0.0,0,normal
1781350400,cartservice-77f8cfdff-vz9jj,cpu_usage,0.0003267611936125,normal,none,0.0,0,normal
1781350415,cartservice-77f8cfdff-vz9jj,cpu_usage,0.000392952553964,normal,none,0.0,0,normal
1781350430,cartservice-77f8cfdff-vz9jj,cpu_usage,0.0004189430231369,normal,none,0.0,0,normal
1781350445,cartservice-77f8cfdff-vz9jj,cpu_usage,0.0004084163500058,normal,none,0.0,0,normal
1781350460,cartservice-77f8cfdff-vz9jj,cpu_usage,0.0004124589103843,normal,none,1.0362182247824243,0,normal
1781353733,cartservice-77f8cfdff-vz9jj,cpu_usage,0.00021650937773,normal,cartservice-cpu-extreme,0.7262500329706351,0,normal
1781353738,cartservice-77f8cfdff-vz9jj,cpu_usage,0.0002747103825133,normal,cartservice-cpu-extreme,0.0,0,normal
1781353743,cartservice-77f8cfdff-vz9jj,cpu_usage,0.0002747103825133,normal,cartservice-cpu-extreme,0.0,0,normal
1781353748,cartservice-77f8cfdff-vz9jj,cpu_usage,0.0002747103825133,normal,cartservice-cpu-extreme,0.07909783448260278,0,normal
1781353753,cartservice-77f8cfdff-vz9jj,cpu_usage,0.0002996421149847,normal,cartservice-cpu-extreme,0.07216058061977293,0,normal
1781353758,cartservice-77f8cfdff-vz9jj,cpu_usage,0.0002655089619737,normal,cartservice-cpu-extreme,0.0,0,normal
1781353763,cartservice-77f8cfdff-vz9jj,cpu_usage,0.0002352352352351,normal,cartservice-cpu-extreme,0.0,0,normal
1781353768,cartservice-77f8cfdff-vz9jj,cpu_usage,0.0002352352352351,normal,cartservice-cpu-extreme,0.0,0,normal
1781353773,cartservice-77f8cfdff-vz9jj,cpu_usage,0.0002352352352351,normal,cartservice-cpu-extreme,0.2973203755225437,0,normal
1781353778,cartservice-77f8cfdff-vz9jj,cpu_usage,0.0002288743293436,normal,cartservice-cpu-extreme,0.0,0,normal
1781353783,cartservice-77f8cfdff-vz9jj,cpu_usage,0.0002288743293436,normal,cartservice-cpu-extreme,0.18784823530516345,0,normal
1781353788,cartservice-77f8cfdff-vz9jj,cpu_usage,0.0002288743293436,normal,cartservice-cpu-extreme,0.44172035002829135,0,normal
1781353793,cartservice-77f8cfdff-vz9jj,cpu_usage,0.0002663423647637,normal,cartservice-cpu-extreme,0.0,0,normal
1781353798,cartservice-77f8cfdff-vz9jj,cpu_usage,0.0003016373166853,normal,cartservice-cpu-extreme,0.17695676932883556,0,normal
1781353803,cartservice-77f8cfdff-vz9jj,cpu_usage,0.0002996872216588,normal,cartservice-cpu-extreme,0.0,0,normal
1781353808,cartservice-77f8cfdff-vz9jj,cpu_usage,0.0002996872216588,normal,cartservice-cpu-extreme,0.0,0,normal
1781353813,cartservice-77f8cfdff-vz9jj,cpu_usage,0.0002996872216588,normal,cartservice-cpu-extreme,0.3312518678819718,0,normal
1781353818,cartservice-77f8cfdff-vz9jj,cpu_usage,0.0002820943845903,normal,cartservice-cpu-extreme,0.0,0,normal
1781353823,cartservice-77f8cfdff-vz9jj,cpu_usage,0.0003340118144199,normal,cartservice-cpu-extreme,0.0,0,normal
1781353828,cartservice-77f8cfdff-vz9jj,cpu_usage,0.0003340118144199,normal,cartservice-cpu-extreme,0.0,0,normal
1781353833,cartservice-77f8cfdff-vz9jj,cpu_usage,0.0003340118144199,normal,cartservice-cpu-extreme,0.41631667312163234,0,normal
1781353838,cartservice-77f8cfdff-vz9jj,cpu_usage,0.0002911330919371,normal,cartservice-cpu-extreme,0.6771717373480498,0,normal
1781353843,cartservice-77f8cfdff-vz9jj,cpu_usage,0.0002911330919371,normal,cartservice-cpu-extreme,0.0,0,normal
1781353848,cartservice-77f8cfdff-vz9jj,cpu_usage,0.0002911330919371,normal,cartservice-cpu-extreme,0.0,0,normal
1781353853,cartservice-77f8cfdff-vz9jj,cpu_usage,0.0002333783613953,normal,cartservice-cpu-extreme,1.1277262268673376,0,normal
1781353858,cartservice-77f8cfdff-vz9jj,cpu_usage,0.000287670690678,normal,cartservice-cpu-extreme,0.19177574737944117,0,normal
1781353863,cartservice-77f8cfdff-vz9jj,cpu_usage,0.0002628910050413,normal,cartservice-cpu-extreme,0.46962822324623676,0,normal
1781353868,cartservice-77f8cfdff-vz9jj,cpu_usage,0.0002924023094303,normal,cartservice-cpu-extreme,0.0,0,normal
1781353873,cartservice-77f8cfdff-vz9jj,cpu_usage,0.0002924023094303,normal,cartservice-cpu-extreme,0.0,0,normal
1781353878,cartservice-77f8cfdff-vz9jj,cpu_usage,0.0002924023094303,normal,cartservice-cpu-extreme,0.1590565183196868,0,normal
1781353883,cartservice-77f8cfdff-vz9jj,cpu_usage,0.0003250821419052,normal,cartservice-cpu-extreme,0.0,0,normal
1781353888,cartservice-77f8cfdff-vz9jj,cpu_usage,0.0003250821419052,normal,cartservice-cpu-extreme,0.0,0,normal
1781353893,cartservice-77f8cfdff-vz9jj,cpu_usage,0.0003250821419052,normal,cartservice-cpu-extreme,0.0,0,normal
1781353898,cartservice-77f8cfdff-vz9jj,cpu_usage,0.0004131233478214,normal,cartservice-cpu-extreme,1.2775795003751318,0,normal
1781353903,cartservice-77f8cfdff-vz9jj,cpu_usage,0.0004131233478214,normal,cartservice-cpu-extreme,0.0,0,normal
1781353908,cartservice-77f8cfdff-vz9jj,cpu_usage,0.0004131233478214,normal,cartservice-cpu-extreme,0.36833069331488316,0,normal
1781353913,cartservice-77f8cfdff-vz9jj,cpu_usage,0.0004131233478214,normal,cartservice-cpu-extreme,0.0,0,normal
1781353918,cartservice-77f8cfdff-vz9jj,cpu_usage,0.0003690294529566,normal,cartservice-cpu-extreme,0.0,0,normal
1781353923,cartservice-77f8cfdff-vz9jj,cpu_usage,0.0003690294529566,normal,cartservice-cpu-extreme,0.0,0,normal
1781353928,cartservice-77f8cfdff-vz9jj,cpu_usage,0.0003766040235116,normal,cartservice-cpu-extreme,0.0,0,normal
1781353933,cartservice-77f8cfdff-vz9jj,cpu_usage,0.0003631389271497,normal,cartservice-cpu-extreme,0.7801900771231239,0,normal
1781353938,cartservice-77f8cfdff-vz9jj,cpu_usage,0.0003631389271497,normal,cartservice-cpu-extreme,0.4205279388527581,0,normal
1781353943,cartservice-77f8cfdff-vz9jj,cpu_usage,0.0002916863625611,normal,cartservice-cpu-extreme,0.22673024448715376,0,normal
1781353948,cartservice-77f8cfdff-vz9jj,cpu_usage,0.0002916863625611,normal,cartservice-cpu-extreme,0.14905975662758908,0,normal
1781353953,cartservice-77f8cfdff-vz9jj,cpu_usage,0.0003555725220719,normal,cartservice-cpu-extreme,0.0,0,normal
1781353958,cartservice-77f8cfdff-vz9jj,cpu_usage,0.0004085600823652,normal,cartservice-cpu-extreme,0.8556544197386684,0,normal
1781353963,cartservice-77f8cfdff-vz9jj,cpu_usage,0.0003879932811239,normal,cartservice-cpu-extreme,0.32117349907420023,0,normal
1781353968,cartservice-77f8cfdff-vz9jj,cpu_usage,0.0003879932811239,normal,cartservice-cpu-extreme,0.0,0,normal
1781353973,cartservice-77f8cfdff-vz9jj,cpu_usage,0.0003879932811239,normal,cartservice-cpu-extreme,0.0,0,normal
1781353978,cartservice-77f8cfdff-vz9jj,cpu_usage,0.0003495832784536,normal,cartservice-cpu-extreme,0.0,0,normal
1781353983,cartservice-77f8cfdff-vz9jj,cpu_usage,0.0004087340839739,normal,cartservice-cpu-extreme,0.10927218507860986,0,normal
1781353988,cartservice-77f8cfdff-vz9jj,cpu_usage,0.0004087340839739,normal,cartservice-cpu-extreme,1.526173691068106,0,normal
1781353993,cartservice-77f8cfdff-vz9jj,cpu_usage,0.0003675780992019,normal,cartservice-cpu-extreme,0.0,0,normal
1781353998,cartservice-77f8cfdff-vz9jj,cpu_usage,0.0003841203057631,normal,cartservice-cpu-extreme,0.0,0,normal
1781354003,cartservice-77f8cfdff-vz9jj,cpu_usage,0.0003841203057631,normal,cartservice-cpu-extreme,0.0,0,normal
1781354008,cartservice-77f8cfdff-vz9jj,cpu_usage,0.0003841203057631,normal,cartservice-cpu-extreme,0.0,0,normal
1781354013,cartservice-77f8cfdff-vz9jj,cpu_usage,0.0004021844324622,normal,cartservice-cpu-extreme,1.9133205130581759,0,normal
1781354018,cartservice-77f8cfdff-vz9jj,cpu_usage,0.0003339551887246,normal,cartservice-cpu-extreme,0.0,0,normal
1781354023,cartservice-77f8cfdff-vz9jj,cpu_usage,0.0003028500476454,normal,cartservice-cpu-extreme,0.9623683903628387,0,normal
1781354028,cartservice-77f8cfdff-vz9jj,cpu_usage,0.0003028500476454,normal,cartservice-cpu-extreme,0.0,0,normal
1781354033,cartservice-77f8cfdff-vz9jj,cpu_usage,0.0003704589740128,normal,cartservice-cpu-extreme,0.0,0,normal
1781354038,cartservice-77f8cfdff-vz9jj,cpu_usage,0.0003704589740128,normal,cartservice-cpu-extreme,0.24943577112769522,0,normal
1781354043,cartservice-77f8cfdff-vz9jj,cpu_usage,0.0003486687778573,normal,cartservice-cpu-extreme,0.0,0,normal
1781354048,cartservice-77f8cfdff-vz9jj,cpu_usage,0.0003900689379557,normal,cartservice-cpu-extreme,0.042979105243187876,0,normal
1781354053,cartservice-77f8cfdff-vz9jj,cpu_usage,0.0003900689379557,normal,cartservice-cpu-extreme,0.0,0,normal
1781354058,cartservice-77f8cfdff-vz9jj,cpu_usage,0.000454093211984,normal,cartservice-cpu-extreme,0.0,0,normal
1781354063,cartservice-77f8cfdff-vz9jj,cpu_usage,0.000454093211984,normal,cartservice-cpu-extreme,0.1569048359390803,0,normal
1781354068,cartservice-77f8cfdff-vz9jj,cpu_usage,0.0004353848429922,normal,cartservice-cpu-extreme,0.0,0,normal
1781354073,cartservice-77f8cfdff-vz9jj,cpu_usage,0.0004353848429922,normal,cartservice-cpu-extreme,0.0,0,normal
1781354078,cartservice-77f8cfdff-vz9jj,cpu_usage,0.0004021750922098,normal,cartservice-cpu-extreme,0.3769717475608816,0,normal
1781354083,cartservice-77f8cfdff-vz9jj,cpu_usage,0.0003422800494495,normal,cartservice-cpu-extreme,0.0,0,normal
1781354088,cartservice-77f8cfdff-vz9jj,cpu_usage,0.0003531413317287,normal,cartservice-cpu-extreme,0.0,0,normal
1781354093,cartservice-77f8cfdff-vz9jj,cpu_usage,0.0002606158769472,normal,cartservice-cpu-extreme,0.7609558161336942,0,normal
1781354098,cartservice-77f8cfdff-vz9jj,cpu_usage,0.0003549958252166,normal,cartservice-cpu-extreme,0.0,0,normal
1781354103,cartservice-77f8cfdff-vz9jj,cpu_usage,0.0003549958252166,normal,cartservice-cpu-extreme,0.666690896215594,0,normal
1781354108,cartservice-77f8cfdff-vz9jj,cpu_usage,0.0003590313616521,normal,cartservice-cpu-extreme,0.0,0,normal
1781354113,cartservice-77f8cfdff-vz9jj,cpu_usage,0.0003590313616521,normal,cartservice-cpu-extreme,0.0,0,normal
1781354118,cartservice-77f8cfdff-vz9jj,cpu_usage,0.0003594810529222,normal,cartservice-cpu-extreme,0.03621804567952922,0,normal
1781354123,cartservice-77f8cfdff-vz9jj,cpu_usage,0.0003085575661004,normal,cartservice-cpu-extreme,0.520628977629654,0,normal
1781354128,cartservice-77f8cfdff-vz9jj,cpu_usage,0.0003124563759514,normal,cartservice-cpu-extreme,0.0,0,normal
1781354133,cartservice-77f8cfdff-vz9jj,cpu_usage,0.0003713075989797,normal,cartservice-cpu-extreme,0.5809198526284794,0,normal
1781354138,cartservice-77f8cfdff-vz9jj,cpu_usage,0.0003713075989797,normal,cartservice-cpu-extreme,0.0,0,normal
1781354143,cartservice-77f8cfdff-vz9jj,cpu_usage,0.0004042896129819,normal,cartservice-cpu-extreme,1.3530959439394838,0,normal
1781354148,cartservice-77f8cfdff-vz9jj,cpu_usage,0.0003699576393559,normal,cartservice-cpu-extreme,0.0,0,normal
1781354153,cartservice-77f8cfdff-vz9jj,cpu_usage,0.0003562450157593,normal,cartservice-cpu-extreme,0.0,0,normal
1781354158,cartservice-77f8cfdff-vz9jj,cpu_usage,0.0003578009973875,normal,cartservice-cpu-extreme,0.7972756450338817,0,normal
1781354163,cartservice-77f8cfdff-vz9jj,cpu_usage,0.0003528685175675,normal,cartservice-cpu-extreme,0.0,0,normal
1781354168,cartservice-77f8cfdff-vz9jj,cpu_usage,0.0003205624075772,normal,cartservice-cpu-extreme,0.0,0,normal
1781354173,cartservice-77f8cfdff-vz9jj,cpu_usage,0.0003897770709514,normal,cartservice-cpu-extreme,1.2074950258907764,0,normal
1781354178,cartservice-77f8cfdff-vz9jj,cpu_usage,0.0003146962626594,normal,cartservice-cpu-extreme,0.9130999450351909,0,normal
1781354183,cartservice-77f8cfdff-vz9jj,cpu_usage,0.0004059020666539,normal,cartservice-cpu-extreme,2.1691095409548886,1,normal
1781354188,cartservice-77f8cfdff-vz9jj,cpu_usage,0.0003727594936709,normal,cartservice-cpu-extreme,0.0,0,normal
1781354193,cartservice-77f8cfdff-vz9jj,cpu_usage,0.0003225694987342,normal,cartservice-cpu-extreme,0.0,0,normal
1781354198,cartservice-77f8cfdff-vz9jj,cpu_usage,0.0003614983037744,normal,cartservice-cpu-extreme,0.0,0,normal
1781354203,cartservice-77f8cfdff-vz9jj,cpu_usage,0.000375221200271,normal,cartservice-cpu-extreme,0.0,0,normal
1781354208,cartservice-77f8cfdff-vz9jj,cpu_usage,0.000375221200271,normal,cartservice-cpu-extreme,0.04532059337888672,0,normal
1781354213,cartservice-77f8cfdff-vz9jj,cpu_usage,0.0003755688427245,normal,cartservice-cpu-extreme,0.0,0,normal
1781354218,cartservice-77f8cfdff-vz9jj,cpu_usage,0.0003755688427245,normal,cartservice-cpu-extreme,0.7527010046830441,0,normal
1781354223,cartservice-77f8cfdff-vz9jj,cpu_usage,0.000339596582515,normal,cartservice-cpu-extreme,0.0,0,normal
1781354228,cartservice-77f8cfdff-vz9jj,cpu_usage,0.0002787833245011,normal,cartservice-cpu-extreme,1.1725434097455523,0,normal
1781354233,cartservice-77f8cfdff-vz9jj,cpu_usage,0.0003510247505874,normal,cartservice-cpu-extreme,0.02768170030058561,0,normal
1781354238,cartservice-77f8cfdff-vz9jj,cpu_usage,0.0003510247505874,normal,cartservice-cpu-extreme,0.0,0,normal
1781354243,cartservice-77f8cfdff-vz9jj,cpu_usage,0.0003591253932025,normal,cartservice-cpu-extreme,1.0408053962280432,0,normal
1781354248,cartservice-77f8cfdff-vz9jj,cpu_usage,0.0003292245311704,normal,cartservice-cpu-extreme,0.0,0,normal
1781354253,cartservice-77f8cfdff-vz9jj,cpu_usage,0.0003292245311704,normal,cartservice-cpu-extreme,0.0,0,normal
1781354258,cartservice-77f8cfdff-vz9jj,cpu_usage,0.0003234219549208,normal,cartservice-cpu-extreme,0.0,0,normal
1781354263,cartservice-77f8cfdff-vz9jj,cpu_usage,0.0003882987483533,normal,cartservice-cpu-extreme,0.0,0,normal
1781354268,cartservice-77f8cfdff-vz9jj,cpu_usage,0.0003882987483533,normal,cartservice-cpu-extreme,0.5920912155808719,0,normal
1781354273,cartservice-77f8cfdff-vz9jj,cpu_usage,0.000399692235641,normal,cartservice-cpu-extreme,0.02545291506104337,0,normal
1781354278,cartservice-77f8cfdff-vz9jj,cpu_usage,0.00034785695843,normal,cartservice-cpu-extreme,0.0,0,normal
1781354283,cartservice-77f8cfdff-vz9jj,cpu_usage,0.00034785695843,normal,cartservice-cpu-extreme,0.0,0,normal
1781354288,cartservice-77f8cfdff-vz9jj,cpu_usage,0.0003812130427435,normal,cartservice-cpu-extreme,0.0,0,normal
1781354293,cartservice-77f8cfdff-vz9jj,cpu_usage,0.0004249131020782,normal,cartservice-cpu-extreme,0.6938402007631952,0,normal
1781354298,cartservice-77f8cfdff-vz9jj,cpu_usage,0.0004249131020782,normal,cartservice-cpu-extreme,0.0,0,normal
1781354303,cartservice-77f8cfdff-vz9jj,cpu_usage,0.0004167268284557,normal,cartservice-cpu-extreme,0.1697566521392238,0,normal
1781354308,cartservice-77f8cfdff-vz9jj,cpu_usage,0.0003694640115042,normal,cartservice-cpu-extreme,0.0,0,normal
1781354313,cartservice-77f8cfdff-vz9jj,cpu_usage,0.0003694640115042,normal,cartservice-cpu-extreme,0.0,0,normal
1781354318,cartservice-77f8cfdff-vz9jj,cpu_usage,0.0002950344600978,normal,cartservice-cpu-extreme,0.47202828857879403,0,normal
1781354323,cartservice-77f8cfdff-vz9jj,cpu_usage,0.0004373012989368,normal,cartservice-cpu-extreme,2.2243075553911136,1,normal
1781354328,cartservice-77f8cfdff-vz9jj,cpu_usage,0.0004373012989368,normal,cartservice-cpu-extreme,0.7277038438269743,0,normal
1781354333,cartservice-77f8cfdff-vz9jj,cpu_usage,0.0004373012989368,normal,cartservice-cpu-extreme,1.3365975125499383,0,normal
1781354338,cartservice-77f8cfdff-vz9jj,cpu_usage,0.0004107257546564,normal,cartservice-cpu-extreme,0.0,0,normal
1781354343,cartservice-77f8cfdff-vz9jj,cpu_usage,0.0004107257546564,normal,cartservice-cpu-extreme,0.18578015056969296,0,normal
1781354348,cartservice-77f8cfdff-vz9jj,cpu_usage,0.0004179660838974,normal,cartservice-cpu-extreme,1.4984217498903616,0,normal
1781354353,cartservice-77f8cfdff-vz9jj,cpu_usage,0.0003676983026717,normal,cartservice-cpu-extreme,0.0,0,normal
1781354358,cartservice-77f8cfdff-vz9jj,cpu_usage,0.0003676983026717,normal,cartservice-cpu-extreme,0.516923013259283,0,normal
1781354363,cartservice-77f8cfdff-vz9jj,cpu_usage,0.0003347244420777,normal,cartservice-cpu-extreme,0.0,0,normal
1781354368,cartservice-77f8cfdff-vz9jj,cpu_usage,0.0003430873145882,normal,cartservice-cpu-extreme,0.0,0,normal
1781354373,cartservice-77f8cfdff-vz9jj,cpu_usage,0.0003430873145882,normal,cartservice-cpu-extreme,0.0,0,normal
1781354378,cartservice-77f8cfdff-vz9jj,cpu_usage,0.0003430873145882,normal,cartservice-cpu-extreme,0.0,0,normal
1781354383,cartservice-77f8cfdff-vz9jj,cpu_usage,0.0003254135205158,normal,cartservice-cpu-extreme,0.0,0,normal
1781354388,cartservice-77f8cfdff-vz9jj,cpu_usage,0.0003254135205158,normal,cartservice-cpu-extreme,0.0,0,normal
1781354393,cartservice-77f8cfdff-vz9jj,cpu_usage,0.0003254135205158,normal,cartservice-cpu-extreme,0.0,0,normal
1781354398,cartservice-77f8cfdff-vz9jj,cpu_usage,0.0003678749539776,normal,cartservice-cpu-extreme,0.0,0,normal
1781354403,cartservice-77f8cfdff-vz9jj,cpu_usage,0.0003746106081831,normal,cartservice-cpu-extreme,0.0,0,normal
1781354408,cartservice-77f8cfdff-vz9jj,cpu_usage,0.0003746106081831,normal,cartservice-cpu-extreme,0.0,0,normal
1781354413,cartservice-77f8cfdff-vz9jj,cpu_usage,0.0003682679791743,normal,cartservice-cpu-extreme,0.0,0,normal
1781354418,cartservice-77f8cfdff-vz9jj,cpu_usage,0.0003682679791743,normal,cartservice-cpu-extreme,0.27727058269732985,0,normal
1781354423,cartservice-77f8cfdff-vz9jj,cpu_usage,0.0003682679791743,normal,cartservice-cpu-extreme,0.13647129812654235,0,normal
1781354428,cartservice-77f8cfdff-vz9jj,cpu_usage,0.0003690301982176,normal,cartservice-cpu-extreme,0.0,0,normal
1781354433,cartservice-77f8cfdff-vz9jj,cpu_usage,0.0003606405851264,normal,cartservice-cpu-extreme,0.0,0,normal
1781354438,cartservice-77f8cfdff-vz9jj,cpu_usage,0.0003606405851264,normal,cartservice-cpu-extreme,1.0209613520963459,0,normal
1781354443,cartservice-77f8cfdff-vz9jj,cpu_usage,0.000346430704428,normal,cartservice-cpu-extreme,1.734480265258641,0,normal
1781354448,cartservice-77f8cfdff-vz9jj,cpu_usage,0.0004033377211562,normal,cartservice-cpu-extreme,0.0,0,normal
1781354453,cartservice-77f8cfdff-vz9jj,cpu_usage,0.0004033377211562,normal,cartservice-cpu-extreme,0.0,0,normal
1781354458,cartservice-77f8cfdff-vz9jj,cpu_usage,0.0004033377211562,normal,cartservice-cpu-extreme,0.8610465843631435,0,normal
1781354463,cartservice-77f8cfdff-vz9jj,cpu_usage,0.000380644900107,normal,cartservice-cpu-extreme,1.0988391958420285,0,normal
1781354468,cartservice-77f8cfdff-vz9jj,cpu_usage,0.000380644900107,normal,cartservice-cpu-extreme,2.085790028703195,1,normal
1781354473,cartservice-77f8cfdff-vz9jj,cpu_usage,0.0003241294870501,normal,cartservice-cpu-extreme,1.3111643062103473,0,normal
1781354478,cartservice-77f8cfdff-vz9jj,cpu_usage,0.0004024037166713,normal,cartservice-cpu-extreme,0.0,0,normal
1781354483,cartservice-77f8cfdff-vz9jj,cpu_usage,0.000410956055155,normal,cartservice-cpu-extreme,2.214114392207343,1,normal
1781354488,cartservice-77f8cfdff-vz9jj,cpu_usage,0.000410956055155,normal,cartservice-cpu-extreme,0.02239482969706241,0,normal
1781354493,cartservice-77f8cfdff-vz9jj,cpu_usage,0.0003621667854609,normal,cartservice-cpu-extreme,0.3079703214203889,0,normal
1781354498,cartservice-77f8cfdff-vz9jj,cpu_usage,0.0003812687865851,normal,cartservice-cpu-extreme,0.0,0,normal
1781354503,cartservice-77f8cfdff-vz9jj,cpu_usage,0.0003812687865851,normal,cartservice-cpu-extreme,0.0,0,normal
1781354508,cartservice-77f8cfdff-vz9jj,cpu_usage,0.0004246575342467,normal,cartservice-cpu-extreme,0.0,0,normal
1781354513,cartservice-77f8cfdff-vz9jj,cpu_usage,0.00038760403329,normal,cartservice-cpu-extreme,0.0,0,normal
1781354518,cartservice-77f8cfdff-vz9jj,cpu_usage,0.00038760403329,normal,cartservice-cpu-extreme,0.0,0,normal
1781354523,cartservice-77f8cfdff-vz9jj,cpu_usage,0.0003659863945564,normal,cartservice-cpu-extreme,0.0,0,normal
1781354528,cartservice-77f8cfdff-vz9jj,cpu_usage,0.0003659863945564,normal,cartservice-cpu-extreme,0.0,0,normal
1781354533,cartservice-77f8cfdff-vz9jj,cpu_usage,0.0003814171866304,normal,cartservice-cpu-extreme,0.0,0,normal
1781354538,cartservice-77f8cfdff-vz9jj,cpu_usage,0.0003814171866304,normal,cartservice-cpu-extreme,0.0,0,normal
1781354543,cartservice-77f8cfdff-vz9jj,cpu_usage,0.000361940867595,normal,cartservice-cpu-extreme,0.0,0,normal
1781354548,cartservice-77f8cfdff-vz9jj,cpu_usage,0.000361940867595,normal,cartservice-cpu-extreme,0.0,0,normal
1781354553,cartservice-77f8cfdff-vz9jj,cpu_usage,0.000361940867595,normal,cartservice-cpu-extreme,0.0,0,normal
1781354558,cartservice-77f8cfdff-vz9jj,cpu_usage,0.0004740854983064,normal,cartservice-cpu-extreme,0.0,0,normal
1781354563,cartservice-77f8cfdff-vz9jj,cpu_usage,0.0004740854983064,normal,cartservice-cpu-extreme,0.0,0,normal
1781354568,cartservice-77f8cfdff-vz9jj,cpu_usage,0.0004740854983064,normal,cartservice-cpu-extreme,0.0,0,normal
1781354573,cartservice-77f8cfdff-vz9jj,cpu_usage,0.0005113480055031,normal,cartservice-cpu-extreme,0.0,0,normal
1781354578,cartservice-77f8cfdff-vz9jj,cpu_usage,0.0003922837235479,normal,cartservice-cpu-extreme,0.0,0,normal
1781354583,cartservice-77f8cfdff-vz9jj,cpu_usage,0.0003922837235479,normal,cartservice-cpu-extreme,0.0,0,normal
1781354588,cartservice-77f8cfdff-vz9jj,cpu_usage,0.0003922837235479,normal,cartservice-cpu-extreme,1.5534259312318388,0,normal
1781354593,cartservice-77f8cfdff-vz9jj,cpu_usage,0.0012862990993869,normal,cartservice-cpu-extreme,2.244699722383067,1,normal
1781354598,cartservice-77f8cfdff-vz9jj,cpu_usage,0.0012862990993869,normal,cartservice-cpu-extreme,0.0,0,normal
1781354603,cartservice-77f8cfdff-vz9jj,cpu_usage,0.0016026429373857,normal,cartservice-cpu-extreme,1.2931690900245214,0,normal
1781354608,cartservice-77f8cfdff-vz9jj,cpu_usage,0.0016026429373857,normal,cartservice-cpu-extreme,1.774835600680309,0,normal
1781354613,cartservice-77f8cfdff-vz9jj,cpu_usage,0.0011672188547117,normal,cartservice-cpu-extreme,0.839089915282048,0,normal
1781354618,cartservice-77f8cfdff-vz9jj,cpu_usage,0.0016323774591526,normal,cartservice-cpu-extreme,2.3589975157148486,1,normal
1781354623,cartservice-77f8cfdff-vz9jj,cpu_usage,0.0012915365071425,normal,cartservice-cpu-extreme,0.0,0,normal
1781354628,cartservice-77f8cfdff-vz9jj,cpu_usage,0.0012915365071425,normal,cartservice-cpu-extreme,0.38325873430315566,0,normal
1781354633,cartservice-77f8cfdff-vz9jj,cpu_usage,0.0012915365071425,normal,cartservice-cpu-extreme,2.259447405284784,1,normal
1781354638,cartservice-77f8cfdff-vz9jj,cpu_usage,0.0003532209666083,normal,cartservice-cpu-extreme,1.5108204440039295,0,normal
1781354643,cartservice-77f8cfdff-vz9jj,cpu_usage,0.0003504271817842,normal,cartservice-cpu-extreme,0.0,0,normal
1781354648,cartservice-77f8cfdff-vz9jj,cpu_usage,0.0003504271817842,normal,cartservice-cpu-extreme,0.0,0,normal
1781354653,cartservice-77f8cfdff-vz9jj,cpu_usage,0.0002641048215713,normal,cartservice-cpu-extreme,0.0,0,normal
1781354658,cartservice-77f8cfdff-vz9jj,cpu_usage,0.0004746620496772,normal,cartservice-cpu-extreme,0.0,0,normal
1781354663,cartservice-77f8cfdff-vz9jj,cpu_usage,0.0004746620496772,normal,cartservice-cpu-extreme,0.0,0,normal
1781354668,cartservice-77f8cfdff-vz9jj,cpu_usage,0.0004746620496772,normal,cartservice-cpu-extreme,0.0,0,normal
1781354673,cartservice-77f8cfdff-vz9jj,cpu_usage,0.0004644471347868,normal,cartservice-cpu-extreme,0.0,0,normal
1781354678,cartservice-77f8cfdff-vz9jj,cpu_usage,0.0004644471347868,normal,cartservice-cpu-extreme,0.0,0,normal
1781354683,cartservice-77f8cfdff-vz9jj,cpu_usage,0.0004343365390663,normal,cartservice-cpu-extreme,0.0,0,normal
1781354688,cartservice-77f8cfdff-vz9jj,cpu_usage,0.0005404072173481,normal,cartservice-cpu-extreme,0.0,0,normal
1781354693,cartservice-77f8cfdff-vz9jj,cpu_usage,0.0004767958030663,normal,cartservice-cpu-extreme,0.0,0,normal
1781354698,cartservice-77f8cfdff-vz9jj,cpu_usage,0.0004767958030663,normal,cartservice-cpu-extreme,0.13017018307068598,0,normal
1781354703,cartservice-77f8cfdff-vz9jj,cpu_usage,0.0003402239928672,normal,cartservice-cpu-extreme,0.0,0,normal
1781354708,cartservice-77f8cfdff-vz9jj,cpu_usage,0.0004870801033589,normal,cartservice-cpu-extreme,0.0,0,normal
1781354713,cartservice-77f8cfdff-vz9jj,cpu_usage,0.0004870801033589,normal,cartservice-cpu-extreme,0.0,0,normal
1781354718,cartservice-77f8cfdff-vz9jj,cpu_usage,0.0005782891880151,normal,cartservice-cpu-extreme,0.0,0,normal
1781354723,cartservice-77f8cfdff-vz9jj,cpu_usage,0.0004883830134743,normal,cartservice-cpu-extreme,0.0,0,normal
1781354728,cartservice-77f8cfdff-vz9jj,cpu_usage,0.0004883830134743,normal,cartservice-cpu-extreme,0.09545926238792013,0,normal
1781354733,cartservice-77f8cfdff-vz9jj,cpu_usage,0.0004534920987342,normal,cartservice-cpu-extreme,0.006697429249252295,0,normal
1781354738,cartservice-77f8cfdff-vz9jj,cpu_usage,0.000475933850633,normal,cartservice-cpu-extreme,0.0,0,normal
1781354743,cartservice-77f8cfdff-vz9jj,cpu_usage,0.0005076693783763,normal,cartservice-cpu-extreme,1.0709202777451396,0,normal
1781354748,cartservice-77f8cfdff-vz9jj,cpu_usage,0.0005076693783763,normal,cartservice-cpu-extreme,0.0,0,normal
1781354753,cartservice-77f8cfdff-vz9jj,cpu_usage,0.0003579516289733,normal,cartservice-cpu-extreme,1.2853349393381697,0,normal
1781354758,cartservice-77f8cfdff-vz9jj,cpu_usage,0.0003579516289733,normal,cartservice-cpu-extreme,1.6873059436489215,0,normal
1781354763,cartservice-77f8cfdff-vz9jj,cpu_usage,0.000383228325152,normal,cartservice-cpu-extreme,0.4157016589169196,0,normal
1781354768,cartservice-77f8cfdff-vz9jj,cpu_usage,0.0004257914064391,normal,cartservice-cpu-extreme,0.23694595988583408,0,normal
1781354773,cartservice-77f8cfdff-vz9jj,cpu_usage,0.0004257914064391,normal,cartservice-cpu-extreme,0.042016403117612934,0,normal
1781354778,cartservice-77f8cfdff-vz9jj,cpu_usage,0.0003606838250523,normal,cartservice-cpu-extreme,0.0,0,normal
1781354783,cartservice-77f8cfdff-vz9jj,cpu_usage,0.000326643236807,normal,cartservice-cpu-extreme,1.1424944127687953,0,normal
1781354788,cartservice-77f8cfdff-vz9jj,cpu_usage,0.000326643236807,normal,cartservice-cpu-extreme,1.0816741079875707,0,normal
1781354793,cartservice-77f8cfdff-vz9jj,cpu_usage,0.0003418717691544,normal,cartservice-cpu-extreme,0.0,0,normal
1781354798,cartservice-77f8cfdff-vz9jj,cpu_usage,0.0003418717691544,normal,cartservice-cpu-extreme,0.0,0,normal
1781354803,cartservice-77f8cfdff-vz9jj,cpu_usage,0.0002934890581257,normal,cartservice-cpu-extreme,0.0,0,normal
1781354808,cartservice-77f8cfdff-vz9jj,cpu_usage,0.0002934890581257,normal,cartservice-cpu-extreme,0.6301786439165495,0,normal
1781354813,cartservice-77f8cfdff-vz9jj,cpu_usage,0.0003557553134752,normal,cartservice-cpu-extreme,0.18947947731356748,0,normal
1781354818,cartservice-77f8cfdff-vz9jj,cpu_usage,0.0003557553134752,normal,cartservice-cpu-extreme,0.0,0,normal
1781354823,cartservice-77f8cfdff-vz9jj,cpu_usage,0.0004198136341338,normal,cartservice-cpu-extreme,0.0,0,normal
1781354828,cartservice-77f8cfdff-vz9jj,cpu_usage,0.0004520666522401,normal,cartservice-cpu-extreme,0.0,0,normal
1781354833,cartservice-77f8cfdff-vz9jj,cpu_usage,0.0004520666522401,normal,cartservice-cpu-extreme,0.0,0,normal
1781354838,cartservice-77f8cfdff-vz9jj,cpu_usage,0.0004748594628351,normal,cartservice-cpu-extreme,0.0,0,normal
1781354843,cartservice-77f8cfdff-vz9jj,cpu_usage,0.0004748594628351,normal,cartservice-cpu-extreme,0.0,0,normal
1781354848,cartservice-77f8cfdff-vz9jj,cpu_usage,0.0004748594628351,normal,cartservice-cpu-extreme,0.4441966173882541,0,normal
1781354853,cartservice-77f8cfdff-vz9jj,cpu_usage,0.000645885793731,normal,cartservice-cpu-extreme,0.0,0,normal
1781354858,cartservice-77f8cfdff-vz9jj,cpu_usage,0.0008087360247615,normal,cartservice-cpu-extreme,1.0034945328677485,0,normal
1781354863,cartservice-77f8cfdff-vz9jj,cpu_usage,0.0007490640413609,normal,cartservice-cpu-extreme,0.0,0,normal
1781354868,cartservice-77f8cfdff-vz9jj,cpu_usage,0.0007490640413609,normal,cartservice-cpu-extreme,0.7851086262949976,0,normal
1781354873,cartservice-77f8cfdff-vz9jj,cpu_usage,0.0007508592523432,normal,cartservice-cpu-extreme,0.0,0,normal
1781354878,cartservice-77f8cfdff-vz9jj,cpu_usage,0.0007508592523432,normal,cartservice-cpu-extreme,0.48107974269326825,0,normal
1781354883,cartservice-77f8cfdff-vz9jj,cpu_usage,0.0007508592523432,normal,cartservice-cpu-extreme,1.131604390164304,0,normal
1781354888,cartservice-77f8cfdff-vz9jj,cpu_usage,0.0007217398817406,normal,cartservice-cpu-extreme,0.19352074171555392,0,normal
1781354893,cartservice-77f8cfdff-vz9jj,cpu_usage,0.0007012073193737,normal,cartservice-cpu-extreme,1.9500018880277563,0,normal
1781354898,cartservice-77f8cfdff-vz9jj,cpu_usage,0.0004679115742323,normal,cartservice-cpu-extreme,0.8559150752914749,0,normal
1781354903,cartservice-77f8cfdff-vz9jj,cpu_usage,0.0004679115742323,normal,cartservice-cpu-extreme,0.0,0,normal
1781354908,cartservice-77f8cfdff-vz9jj,cpu_usage,0.0005302437398011,normal,cartservice-cpu-extreme,0.8649138568773794,0,normal
1781354913,cartservice-77f8cfdff-vz9jj,cpu_usage,0.0005163820740777,normal,cartservice-cpu-extreme,0.0,0,normal
1781354918,cartservice-77f8cfdff-vz9jj,cpu_usage,0.0005163820740777,normal,cartservice-cpu-extreme,0.11402953029226405,0,normal
1781354923,cartservice-77f8cfdff-vz9jj,cpu_usage,0.000520008478169,normal,cartservice-cpu-extreme,0.0,0,normal
1781354928,cartservice-77f8cfdff-vz9jj,cpu_usage,0.000520008478169,normal,cartservice-cpu-extreme,0.0,0,normal
1781354933,cartservice-77f8cfdff-vz9jj,cpu_usage,0.0005068652660688,normal,cartservice-cpu-extreme,0.2628220804874613,0,normal
1781354938,cartservice-77f8cfdff-vz9jj,cpu_usage,0.000530641961761,normal,cartservice-cpu-extreme,0.0,0,normal
1781354943,cartservice-77f8cfdff-vz9jj,cpu_usage,0.000530641961761,normal,cartservice-cpu-extreme,0.1676157741736742,0,normal
1781354948,cartservice-77f8cfdff-vz9jj,cpu_usage,0.000530641961761,normal,cartservice-cpu-extreme,0.0,0,normal
1781354953,cartservice-77f8cfdff-vz9jj,cpu_usage,0.0004177385985426,normal,cartservice-cpu-extreme,0.0,0,normal
1781354958,cartservice-77f8cfdff-vz9jj,cpu_usage,0.0004177385985426,normal,cartservice-cpu-extreme,0.0,0,normal
1781354963,cartservice-77f8cfdff-vz9jj,cpu_usage,0.0004177385985426,normal,cartservice-cpu-extreme,0.0,0,normal
1781354968,cartservice-77f8cfdff-vz9jj,cpu_usage,0.0004171022992904,normal,cartservice-cpu-extreme,0.0,0,normal
1781354973,cartservice-77f8cfdff-vz9jj,cpu_usage,0.0004171022992904,normal,cartservice-cpu-extreme,0.0,0,normal
1781354978,cartservice-77f8cfdff-vz9jj,cpu_usage,0.0004171022992904,normal,cartservice-cpu-extreme,0.14074189554376,0,normal
1781354983,cartservice-77f8cfdff-vz9jj,cpu_usage,0.0005357640178235,normal,cartservice-cpu-extreme,0.0,0,normal
1781354988,cartservice-77f8cfdff-vz9jj,cpu_usage,0.0005357640178235,normal,cartservice-cpu-extreme,0.0,0,normal
1781354993,cartservice-77f8cfdff-vz9jj,cpu_usage,0.0005357640178235,normal,cartservice-cpu-extreme,0.0,0,normal
1781354998,cartservice-77f8cfdff-vz9jj,cpu_usage,0.0005526470524182,normal,cartservice-cpu-extreme,0.0,0,normal
1781355003,cartservice-77f8cfdff-vz9jj,cpu_usage,0.0005526470524182,normal,cartservice-cpu-extreme,0.0,0,normal
1781355008,cartservice-77f8cfdff-vz9jj,cpu_usage,0.0005526470524182,normal,cartservice-cpu-extreme,0.0,0,normal
1781355013,cartservice-77f8cfdff-vz9jj,cpu_usage,0.0004978500042592,normal,cartservice-cpu-extreme,0.6152194047486,0,normal
1781355018,cartservice-77f8cfdff-vz9jj,cpu_usage,0.0005562870861547,normal,cartservice-cpu-extreme,1.1105874701844074,0,normal
1781355023,cartservice-77f8cfdff-vz9jj,cpu_usage,0.0005562870861547,normal,cartservice-cpu-extreme,0.0,0,normal
1781355028,cartservice-77f8cfdff-vz9jj,cpu_usage,0.0005102862158288,normal,cartservice-cpu-extreme,0.0,0,normal
1781355033,cartservice-77f8cfdff-vz9jj,cpu_usage,0.0005102862158288,normal,cartservice-cpu-extreme,0.0,0,normal
1781355038,cartservice-77f8cfdff-vz9jj,cpu_usage,0.0005102862158288,normal,cartservice-cpu-extreme,0.17616482620371637,0,normal
1781355043,cartservice-77f8cfdff-vz9jj,cpu_usage,0.0005055103763936,normal,cartservice-cpu-extreme,1.1090950470495864,0,normal
1781355048,cartservice-77f8cfdff-vz9jj,cpu_usage,0.0005055103763936,normal,cartservice-cpu-extreme,0.0,0,normal
1781355053,cartservice-77f8cfdff-vz9jj,cpu_usage,0.0005055103763936,normal,cartservice-cpu-extreme,0.0,0,normal
1781355058,cartservice-77f8cfdff-vz9jj,cpu_usage,0.0004329427974792,normal,cartservice-cpu-extreme,0.0,0,normal
1781355063,cartservice-77f8cfdff-vz9jj,cpu_usage,0.0005132458066628,normal,cartservice-cpu-extreme,0.9763483147790509,0,normal
1781355068,cartservice-77f8cfdff-vz9jj,cpu_usage,0.0005132458066628,normal,cartservice-cpu-extreme,0.020646236675562497,0,normal
1781355073,cartservice-77f8cfdff-vz9jj,cpu_usage,0.0005283507538623,normal,cartservice-cpu-extreme,0.0,0,normal
1781355078,cartservice-77f8cfdff-vz9jj,cpu_usage,0.0004967358049675,normal,cartservice-cpu-extreme,0.0,0,normal
1781355083,cartservice-77f8cfdff-vz9jj,cpu_usage,0.0004562510500873,normal,cartservice-cpu-extreme,0.0,0,normal
1781355088,cartservice-77f8cfdff-vz9jj,cpu_usage,0.0004767035084172,normal,cartservice-cpu-extreme,0.21585575923106082,0,normal
1781355093,cartservice-77f8cfdff-vz9jj,cpu_usage,0.0004360687578904,normal,cartservice-cpu-extreme,0.1690295302397159,0,normal
1781355098,cartservice-77f8cfdff-vz9jj,cpu_usage,0.0004360687578904,normal,cartservice-cpu-extreme,1.1842369247334894,0,normal
1781355103,cartservice-77f8cfdff-vz9jj,cpu_usage,0.0003417841648899,normal,cartservice-cpu-extreme,0.06910552870312119,0,normal
1781355108,cartservice-77f8cfdff-vz9jj,cpu_usage,0.0003925957266762,normal,cartservice-cpu-extreme,2.500946508703378,1,normal
1781355113,cartservice-77f8cfdff-vz9jj,cpu_usage,0.0003925957266762,normal,cartservice-cpu-extreme,0.0,0,normal
1781355118,cartservice-77f8cfdff-vz9jj,cpu_usage,0.0002912813599466,normal,cartservice-cpu-extreme,0.0,0,normal
1781355123,cartservice-77f8cfdff-vz9jj,cpu_usage,0.0003891181704593,normal,cartservice-cpu-extreme,0.09626694994240047,0,normal
1781355128,cartservice-77f8cfdff-vz9jj,cpu_usage,0.0003891181704593,normal,cartservice-cpu-extreme,0.0,0,normal
1781355133,cartservice-77f8cfdff-vz9jj,cpu_usage,0.0004104891331007,normal,cartservice-cpu-extreme,1.4474812637868562,0,normal
1781355138,cartservice-77f8cfdff-vz9jj,cpu_usage,0.0003877770964555,normal,cartservice-cpu-extreme,0.0,0,normal
1781355143,cartservice-77f8cfdff-vz9jj,cpu_usage,0.0004122307324078,normal,cartservice-cpu-extreme,0.09137455589272005,0,normal
1781355148,cartservice-77f8cfdff-vz9jj,cpu_usage,0.0004122307324078,normal,cartservice-cpu-extreme,0.0,0,normal
1781355153,cartservice-77f8cfdff-vz9jj,cpu_usage,0.0004831211462544,normal,cartservice-cpu-extreme,0.0,0,normal
1781355158,cartservice-77f8cfdff-vz9jj,cpu_usage,0.0004831211462544,normal,cartservice-cpu-extreme,0.0,0,normal
1781355163,cartservice-77f8cfdff-vz9jj,cpu_usage,0.0004343048174189,normal,cartservice-cpu-extreme,0.0,0,normal
1781355168,cartservice-77f8cfdff-vz9jj,cpu_usage,0.0004032603722702,normal,cartservice-cpu-extreme,0.19085934837164378,0,normal
1781355173,cartservice-77f8cfdff-vz9jj,cpu_usage,0.0004032603722702,normal,cartservice-cpu-extreme,0.0,0,normal
1781355178,cartservice-77f8cfdff-vz9jj,cpu_usage,0.0004032603722702,normal,cartservice-cpu-extreme,0.0,0,normal
1781355183,cartservice-77f8cfdff-vz9jj,cpu_usage,0.0004922662932909,normal,cartservice-cpu-extreme,0.0,0,normal
1781355188,cartservice-77f8cfdff-vz9jj,cpu_usage,0.0004922662932909,normal,cartservice-cpu-extreme,0.2357694504839127,0,normal
1781355193,cartservice-77f8cfdff-vz9jj,cpu_usage,0.0004922662932909,normal,cartservice-cpu-extreme,0.42086748799085877,0,normal
1781355198,cartservice-77f8cfdff-vz9jj,cpu_usage,0.0005205004419663,normal,cartservice-cpu-extreme,0.0,0,normal
1781355203,cartservice-77f8cfdff-vz9jj,cpu_usage,0.0005205004419663,normal,cartservice-cpu-extreme,0.0,0,normal
1781355208,cartservice-77f8cfdff-vz9jj,cpu_usage,0.0005205004419663,normal,cartservice-cpu-extreme,0.0,0,normal
1781355213,cartservice-77f8cfdff-vz9jj,cpu_usage,0.0006010587502595,normal,cartservice-cpu-extreme,1.8257130021902557,0,normal
1781355218,cartservice-77f8cfdff-vz9jj,cpu_usage,0.0006010587502595,normal,cartservice-cpu-extreme,0.6451309562444824,0,normal
1781355223,cartservice-77f8cfdff-vz9jj,cpu_usage,0.0005193962840862,normal,cartservice-cpu-extreme,1.0345638293441777,0,normal
1781355228,cartservice-77f8cfdff-vz9jj,cpu_usage,0.0005368413799437,normal,cartservice-cpu-extreme,0.0,0,normal
1781355233,cartservice-77f8cfdff-vz9jj,cpu_usage,0.0005368413799437,normal,cartservice-cpu-extreme,0.8170852474402625,0,normal
1781355238,cartservice-77f8cfdff-vz9jj,cpu_usage,0.0005290232558139,normal,cartservice-cpu-extreme,0.19197810472841292,0,normal
1781355243,cartservice-77f8cfdff-vz9jj,cpu_usage,0.0004715240375026,normal,cartservice-cpu-extreme,1.5859332823119554,0,normal
1781355248,cartservice-77f8cfdff-vz9jj,cpu_usage,0.0005665345201589,normal,cartservice-cpu-extreme,1.4345947140749196,0,normal
1781355253,cartservice-77f8cfdff-vz9jj,cpu_usage,0.0005665345201589,normal,cartservice-cpu-extreme,0.5997433979865403,0,normal
1781355258,cartservice-77f8cfdff-vz9jj,cpu_usage,0.0005736671917752,normal,cartservice-cpu-extreme,1.996156511780443,0,normal
1781355263,cartservice-77f8cfdff-vz9jj,cpu_usage,0.0004810342819833,normal,cartservice-cpu-extreme,0.0,0,normal
1781355268,cartservice-77f8cfdff-vz9jj,cpu_usage,0.0005552767064636,normal,cartservice-cpu-extreme,0.0,0,normal
1781355273,cartservice-77f8cfdff-vz9jj,cpu_usage,0.0006198788228503,normal,cartservice-cpu-extreme,0.15576710377333913,0,normal
1781355278,cartservice-77f8cfdff-vz9jj,cpu_usage,0.0006198788228503,normal,cartservice-cpu-extreme,0.0,0,normal
1781355283,cartservice-77f8cfdff-vz9jj,cpu_usage,0.0005263527277086,normal,cartservice-cpu-extreme,0.4314968316177803,0,normal
1781355288,cartservice-77f8cfdff-vz9jj,cpu_usage,0.0005328479266497,normal,cartservice-cpu-extreme,0.0,0,normal
1781355293,cartservice-77f8cfdff-vz9jj,cpu_usage,0.0005328479266497,normal,cartservice-cpu-extreme,0.0,0,normal
1781355298,cartservice-77f8cfdff-vz9jj,cpu_usage,0.0004105353810819,normal,cartservice-cpu-extreme,0.0,0,normal
1781355303,cartservice-77f8cfdff-vz9jj,cpu_usage,0.000439565514565,normal,cartservice-cpu-extreme,0.0,0,normal
1781355308,cartservice-77f8cfdff-vz9jj,cpu_usage,0.0004003044982694,normal,cartservice-cpu-extreme,0.0,0,normal
1781355313,cartservice-77f8cfdff-vz9jj,cpu_usage,0.0004003044982694,normal,cartservice-cpu-extreme,0.0,0,normal
1781355318,cartservice-77f8cfdff-vz9jj,cpu_usage,0.0004287934719251,normal,cartservice-cpu-extreme,0.0,0,normal
1781355323,cartservice-77f8cfdff-vz9jj,cpu_usage,0.0004287934719251,normal,cartservice-cpu-extreme,0.0,0,normal
1781355328,cartservice-77f8cfdff-vz9jj,cpu_usage,0.0004936928095131,normal,cartservice-cpu-extreme,0.0,0,normal
1781355333,cartservice-77f8cfdff-vz9jj,cpu_usage,0.0004936928095131,normal,cartservice-cpu-extreme,0.0,0,normal
1781355338,cartservice-77f8cfdff-vz9jj,cpu_usage,0.0004090865170925,normal,cartservice-cpu-extreme,0.17128737134899613,0,normal
1781355343,cartservice-77f8cfdff-vz9jj,cpu_usage,0.0002980200051112,normal,cartservice-cpu-extreme,0.0,0,normal
1781355348,cartservice-77f8cfdff-vz9jj,cpu_usage,0.0003597953711986,normal,cartservice-cpu-extreme,0.0,0,normal
1781355353,cartservice-77f8cfdff-vz9jj,cpu_usage,0.0004801275863525,normal,cartservice-cpu-extreme,0.0,0,normal
1781355358,cartservice-77f8cfdff-vz9jj,cpu_usage,0.0004801275863525,normal,cartservice-cpu-extreme,0.0,0,normal
1781355363,cartservice-77f8cfdff-vz9jj,cpu_usage,0.0004726546782642,normal,cartservice-cpu-extreme,2.141369668689436,1,normal
1781355368,cartservice-77f8cfdff-vz9jj,cpu_usage,0.0067535403514761,anomaly,cartservice-cpu-extreme,2.109387214161548,1,anomaly
1781355373,cartservice-77f8cfdff-vz9jj,cpu_usage,0.0067535403514761,anomaly,cartservice-cpu-extreme,1.4006751302231608,0,anomaly
1781355378,cartservice-77f8cfdff-vz9jj,cpu_usage,0.006695353887807,anomaly,cartservice-cpu-extreme,0.27612927513496893,0,anomaly
1781355383,cartservice-77f8cfdff-vz9jj,cpu_usage,0.007905926998552,anomaly,cartservice-cpu-extreme,1.3971875541966312,0,anomaly
1781355388,cartservice-77f8cfdff-vz9jj,cpu_usage,0.0062516826784784,anomaly,cartservice-cpu-extreme,0.17913734663559308,0,normal
1781355393,cartservice-77f8cfdff-vz9jj,cpu_usage,0.0062516826784784,anomaly,cartservice-cpu-extreme,0.0,0,normal
1781355398,cartservice-77f8cfdff-vz9jj,cpu_usage,0.0085213837158931,anomaly,cartservice-cpu-extreme,2.2395048781611706,1,anomaly
1781355403,cartservice-77f8cfdff-vz9jj,cpu_usage,0.0069831792731331,anomaly,cartservice-cpu-extreme,0.9643511449378542,0,anomaly
1781355408,cartservice-77f8cfdff-vz9jj,cpu_usage,0.005934432077625,anomaly,cartservice-cpu-extreme,1.1521010176224853,0,normal
1781355413,cartservice-77f8cfdff-vz9jj,cpu_usage,0.0007549475714112,anomaly,cartservice-cpu-extreme,1.4439179468976349,0,normal
1781355418,cartservice-77f8cfdff-vz9jj,cpu_usage,0.0007549475714112,anomaly,cartservice-cpu-extreme,0.0,0,normal
1781355423,cartservice-77f8cfdff-vz9jj,cpu_usage,0.0006466304236332,anomaly,cartservice-cpu-extreme,0.0,0,normal
1781355428,cartservice-77f8cfdff-vz9jj,cpu_usage,0.0006999419376241,anomaly,cartservice-cpu-extreme,0.0,0,normal
1781355433,cartservice-77f8cfdff-vz9jj,cpu_usage,0.0006999419376241,anomaly,cartservice-cpu-extreme,0.0,0,normal
1781355438,cartservice-77f8cfdff-vz9jj,cpu_usage,0.0006331966006555,anomaly,cartservice-cpu-extreme,0.0,0,normal
1781355443,cartservice-77f8cfdff-vz9jj,cpu_usage,0.0006331966006555,anomaly,cartservice-cpu-extreme,0.0,0,normal
1781355448,cartservice-77f8cfdff-vz9jj,cpu_usage,0.0004513838710687,anomaly,cartservice-cpu-extreme,0.0,0,normal
1781355453,cartservice-77f8cfdff-vz9jj,cpu_usage,0.0004513838710687,anomaly,cartservice-cpu-extreme,0.0,0,normal
1781355458,cartservice-77f8cfdff-vz9jj,cpu_usage,0.0005674490019741,anomaly,cartservice-cpu-extreme,0.0,0,normal
1781355463,cartservice-77f8cfdff-vz9jj,cpu_usage,0.0005674490019741,anomaly,cartservice-cpu-extreme,0.0,0,normal
1781355468,cartservice-77f8cfdff-vz9jj,cpu_usage,0.0006624019312009,anomaly,cartservice-cpu-extreme,0.0,0,normal
1781355473,cartservice-77f8cfdff-vz9jj,cpu_usage,0.0005230091480963,anomaly,cartservice-cpu-extreme,0.0,0,normal
1781355478,cartservice-77f8cfdff-vz9jj,cpu_usage,0.0005230091480963,anomaly,cartservice-cpu-extreme,0.0,0,normal
1781355483,cartservice-77f8cfdff-vz9jj,cpu_usage,0.00051988979787,anomaly,cartservice-cpu-extreme,0.0,0,normal
1781355488,cartservice-77f8cfdff-vz9jj,cpu_usage,0.0005484178692482,anomaly,cartservice-cpu-extreme,0.0,0,normal
1781355493,cartservice-77f8cfdff-vz9jj,cpu_usage,0.0005484178692482,anomaly,cartservice-cpu-extreme,0.0,0,normal
1781355498,cartservice-77f8cfdff-vz9jj,cpu_usage,0.0003513382627642,anomaly,cartservice-cpu-extreme,0.0,0,normal
1781355503,cartservice-77f8cfdff-vz9jj,cpu_usage,0.0004012442036645,anomaly,cartservice-cpu-extreme,0.8197772520596703,0,normal
1781355508,cartservice-77f8cfdff-vz9jj,cpu_usage,0.0004012442036645,anomaly,cartservice-cpu-extreme,2.189648214866172,1,normal
1781355513,cartservice-77f8cfdff-vz9jj,cpu_usage,0.0080654025783205,anomaly,cartservice-cpu-extreme,2.247749423006041,1,anomaly
1781355518,cartservice-77f8cfdff-vz9jj,cpu_usage,0.0114412015231984,anomaly,cartservice-cpu-extreme,3.709795379900929,1,anomaly
1781355523,cartservice-77f8cfdff-vz9jj,cpu_usage,0.0114412015231984,anomaly,cartservice-cpu-extreme,1.7574402350463645,0,anomaly
1781355528,cartservice-77f8cfdff-vz9jj,cpu_usage,0.0097445984617694,anomaly,cartservice-cpu-extreme,0.0,0,anomaly
1781355533,cartservice-77f8cfdff-vz9jj,cpu_usage,0.0131063752129588,anomaly,cartservice-cpu-extreme,9.104598214269664,1,anomaly
